data,TName,Tweet,DateTime,Month,weekDay,year,day
Sandeep Raut @rautsanTue Mar 12 03:57:09 +0000 2019Here is my #BigData Daily! https://t.co/jGko8pih03 #bigdata #ai,Sandeep Raut ,Here is my #BigData Daily! https://t.co/jGko8pih03 #bigdata #ai,@rautsanTue Mar 12 03:57:09 +0000 2019,Mar,Tue,2019,12
Sandeep Raut @rautsanTue Mar 12 03:55:01 +0000 2019#DigitalTransformation Transformation Habits | Rob Llewellyn https://t.co/Pm9qDTT3vV https://t.co/GpoAQk8m4u,Sandeep Raut ,#DigitalTransformation Transformation Habits | Rob Llewellyn https://t.co/Pm9qDTT3vV https://t.co/GpoAQk8m4u,@rautsanTue Mar 12 03:55:01 +0000 2019,Mar,Tue,2019,12
Sandeep Raut @rautsanTue Mar 12 03:54:00 +0000 2019#DigitalTransformation An International Womenâ€™s Day question â€“ where are the tech women who look like me?â€¦ https://t.co/MA4BVxNaVm,Sandeep Raut ,#DigitalTransformation An International Womenâ€™s Day question â€“ where are the tech women who look like me?â€¦ https://t.co/MA4BVxNaVm,@rautsanTue Mar 12 03:54:00 +0000 2019,Mar,Tue,2019,12
Sandeep Raut @rautsanTue Mar 12 03:08:02 +0000 2019Read my #ArtificialIntelligence Daily! https://t.co/ZDcqanNuVc Thanks to @i_bm @deepaknegi995 #ai #artificialintelligence,Sandeep Raut ,Read my #ArtificialIntelligence Daily! https://t.co/ZDcqanNuVc Thanks to @i_bm @deepaknegi995 #ai #artificialintelligence,@rautsanTue Mar 12 03:08:02 +0000 2019,Mar,Tue,2019,12
Sandeep Raut @rautsanTue Mar 12 02:15:40 +0000 2019Top 7 Types Of Digital Marketing https://t.co/Y7idjY4PZO,Sandeep Raut ,Top 7 Types Of Digital Marketing https://t.co/Y7idjY4PZO,@rautsanTue Mar 12 02:15:40 +0000 2019,Mar,Tue,2019,12
Sandeep Raut @rautsanTue Mar 12 02:15:39 +0000 2019Make your brand visible with my #DgitalMarketing Daily! https://t.co/bjA3gxKx9i Thanks to @nostop_contentâ€¦ https://t.co/gJmzJ14PFJ,Sandeep Raut ,Make your brand visible with my #DgitalMarketing Daily! https://t.co/bjA3gxKx9i Thanks to @nostop_contentâ€¦ https://t.co/gJmzJ14PFJ,@rautsanTue Mar 12 02:15:39 +0000 2019,Mar,Tue,2019,12
Sandeep Raut @rautsanTue Mar 12 02:01:00 +0000 2019#DigitalTransformation Nominet CTO describes running the DNS behind 10.5 million .uk domains https://t.co/1njgxrBGwO https://t.co/vjec5b8mWL,Sandeep Raut ,#DigitalTransformation Nominet CTO describes running the DNS behind 10.5 million .uk domains https://t.co/1njgxrBGwO https://t.co/vjec5b8mWL,@rautsanTue Mar 12 02:01:00 +0000 2019,Mar,Tue,2019,12
Sandeep Raut @rautsanTue Mar 12 02:00:01 +0000 2019#DigitalTransformation The AI that Can Spot UTIs https://t.co/Y5VevsryzB https://t.co/qKUlOM2lR1,Sandeep Raut ,#DigitalTransformation The AI that Can Spot UTIs https://t.co/Y5VevsryzB https://t.co/qKUlOM2lR1,@rautsanTue Mar 12 02:00:01 +0000 2019,Mar,Tue,2019,12
Sandeep Raut @rautsanTue Mar 12 01:55:19 +0000 2019Enhance #CustomerExperience with my Daily! https://t.co/4M6ZTqanIc Thanks to @donscheibenreif @DobbinsGroupLLCâ€¦ https://t.co/sXFQ6Id5q5,Sandeep Raut ,Enhance #CustomerExperience with my Daily! https://t.co/4M6ZTqanIc Thanks to @donscheibenreif @DobbinsGroupLLCâ€¦ https://t.co/sXFQ6Id5q5,@rautsanTue Mar 12 01:55:19 +0000 2019,Mar,Tue,2019,12
"Sandeep Raut @rautsanMon Mar 11 17:38:45 +0000 2019Top story: In Israel, A Stand Out Year For Artificial Intelligence Technologies https://t.co/DIhx1BZWox, see more https://t.co/rl6X0dj0Bi",Sandeep Raut ,"Top story: In Israel, A Stand Out Year For Artificial Intelligence Technologies https://t.co/DIhx1BZWox, see more https://t.co/rl6X0dj0Bi",@rautsanMon Mar 11 17:38:45 +0000 2019,Mar,Mon,2019,11
Sandeep Raut @rautsanMon Mar 11 17:37:37 +0000 2019Top story: @dLabTz: 'â€œWhat are causes of #Data gap? Equipment Malfunction; Records Inconsistency; Loss of Historyâ€¦ https://t.co/ZfBSnI3GAj,Sandeep Raut ,Top story: @dLabTz: 'â€œWhat are causes of #Data gap? Equipment Malfunction; Records Inconsistency; Loss of Historyâ€¦ https://t.co/ZfBSnI3GAj,@rautsanMon Mar 11 17:37:37 +0000 2019,Mar,Mon,2019,11
"Sandeep Raut @rautsanMon Mar 11 17:37:36 +0000 2019Top story: Going Digital - Organisation for Economic Co-operation and Development https://t.co/mQLYPtQUaD, see more https://t.co/4Edf7F0YPl",Sandeep Raut ,"Top story: Going Digital - Organisation for Economic Co-operation and Development https://t.co/mQLYPtQUaD, see more https://t.co/4Edf7F0YPl",@rautsanMon Mar 11 17:37:36 +0000 2019,Mar,Mon,2019,11
Sandeep Raut @rautsanMon Mar 11 17:34:00 +0000 2019#DigitalTransformation 26 Inspiring Women Blazing a Trail in the Data Science World https://t.co/Y5VevsryzB https://t.co/oZuRVLl8fv,Sandeep Raut ,#DigitalTransformation 26 Inspiring Women Blazing a Trail in the Data Science World https://t.co/Y5VevsryzB https://t.co/oZuRVLl8fv,@rautsanMon Mar 11 17:34:00 +0000 2019,Mar,Mon,2019,11
Sandeep Raut @rautsanMon Mar 11 17:33:00 +0000 2019#DigitalTransformation Epson | How AI and Robotics Are Transforming Factories of The Future â€“ Orange Magazineâ€¦ https://t.co/0enoN3Xpyg,Sandeep Raut ,#DigitalTransformation Epson | How AI and Robotics Are Transforming Factories of The Future â€“ Orange Magazineâ€¦ https://t.co/0enoN3Xpyg,@rautsanMon Mar 11 17:33:00 +0000 2019,Mar,Mon,2019,11
Sandeep Raut @rautsanMon Mar 11 17:10:11 +0000 2019Specially curated #datascience Daily! https://t.co/nLFcdgZ9l3 Stories via @alagunapradas @guildai @chandu532 #datascience #bigdata,Sandeep Raut ,Specially curated #datascience Daily! https://t.co/nLFcdgZ9l3 Stories via @alagunapradas @guildai @chandu532 #datascience #bigdata,@rautsanMon Mar 11 17:10:11 +0000 2019,Mar,Mon,2019,11
Sandeep Raut @rautsanMon Mar 11 16:00:47 +0000 2019#DigitalTransformation Why companies ignore cybersecurity in digital transformations https://t.co/Y5VevsryzB https://t.co/dlULUwCsc8,Sandeep Raut ,#DigitalTransformation Why companies ignore cybersecurity in digital transformations https://t.co/Y5VevsryzB https://t.co/dlULUwCsc8,@rautsanMon Mar 11 16:00:47 +0000 2019,Mar,Mon,2019,11
Sandeep Raut @rautsanMon Mar 11 15:59:06 +0000 2019#DigitalTransformation How digital transformation affects the people of New York City https://t.co/Y5VevsryzB https://t.co/JGr1rHEev8,Sandeep Raut ,#DigitalTransformation How digital transformation affects the people of New York City https://t.co/Y5VevsryzB https://t.co/JGr1rHEev8,@rautsanMon Mar 11 15:59:06 +0000 2019,Mar,Mon,2019,11
"Sandeep Raut @rautsanMon Mar 11 15:30:00 +0000 2019#InternetofThings https://t.co/fNh33w79zl - top stories by @_neural, @prisederisque75, @furtherfield",Sandeep Raut ,"#InternetofThings https://t.co/fNh33w79zl - top stories by @_neural, @prisederisque75, @furtherfield",@rautsanMon Mar 11 15:30:00 +0000 2019,Mar,Mon,2019,11
Sandeep Raut @rautsanMon Mar 11 14:30:01 +0000 2019#CustomerExperience https://t.co/qGh8ZvxTqf,Sandeep Raut ,#CustomerExperience https://t.co/qGh8ZvxTqf,@rautsanMon Mar 11 14:30:01 +0000 2019,Mar,Mon,2019,11
Sandeep Raut @rautsanMon Mar 11 14:21:00 +0000 2019#DigitalTransformation How digital transformation affects the people of New York City https://t.co/Y5VevsryzB https://t.co/d81zfRGvQ0,Sandeep Raut ,#DigitalTransformation How digital transformation affects the people of New York City https://t.co/Y5VevsryzB https://t.co/d81zfRGvQ0,@rautsanMon Mar 11 14:21:00 +0000 2019,Mar,Mon,2019,11
Sandeep Raut @rautsanMon Mar 11 14:20:01 +0000 2019#DigitalTransformation A Closer Look Into The World Of Smart Lighting https://t.co/Y5VevsryzB https://t.co/QSUGLSmNkV,Sandeep Raut ,#DigitalTransformation A Closer Look Into The World Of Smart Lighting https://t.co/Y5VevsryzB https://t.co/QSUGLSmNkV,@rautsanMon Mar 11 14:20:01 +0000 2019,Mar,Mon,2019,11
Sandeep Raut @rautsanMon Mar 11 14:03:05 +0000 2019What does it mean to be a transformational IT leader today? https://t.co/Pfl7zSxNyG #digitaltransformation,Sandeep Raut ,What does it mean to be a transformational IT leader today? https://t.co/Pfl7zSxNyG #digitaltransformation,@rautsanMon Mar 11 14:03:05 +0000 2019,Mar,Mon,2019,11
Sandeep Raut @rautsanMon Mar 11 14:03:05 +0000 2019The latest Check my #ChiefDigitalOfficer Daily! https://t.co/aHYFYF9sFx Thanks to @ABetterInnovat1 @chr_frei @WSJCSâ€¦ https://t.co/BvOBsGjyCx,Sandeep Raut ,The latest Check my #ChiefDigitalOfficer Daily! https://t.co/aHYFYF9sFx Thanks to @ABetterInnovat1 @chr_frei @WSJCSâ€¦ https://t.co/BvOBsGjyCx,@rautsanMon Mar 11 14:03:05 +0000 2019,Mar,Mon,2019,11
Sandeep Raut @rautsanMon Mar 11 13:40:15 +0000 2019RT @CIOWaterCooler: User Experience Design - a key to Digital Transformation https://t.co/ZNYF0NErDx @RautSan #Digital https://t.co/qJQSjedâ€¦,Sandeep Raut ,RT @CIOWaterCooler: User Experience Design - a key to Digital Transformation https://t.co/ZNYF0NErDx @RautSan #Digital https://t.co/qJQSjedâ€¦,@rautsanMon Mar 11 13:40:15 +0000 2019,Mar,Mon,2019,11
"Sandeep Raut @rautsanMon Mar 11 13:30:00 +0000 2019#DigitalTransformation https://t.co/jszzWCAioT - top stories by @Neopost_UK, @Mark_Tucker9, @ukadmiral",Sandeep Raut ,"#DigitalTransformation https://t.co/jszzWCAioT - top stories by @Neopost_UK, @Mark_Tucker9, @ukadmiral",@rautsanMon Mar 11 13:30:00 +0000 2019,Mar,Mon,2019,11
Sandeep Raut @rautsanMon Mar 11 13:02:31 +0000 2019Be mobile with my #Mobility Daily! https://t.co/nxbnDUuNr4 Thanks to @_digitalhouse @maelfosso @etletl #mobile #news,Sandeep Raut ,Be mobile with my #Mobility Daily! https://t.co/nxbnDUuNr4 Thanks to @_digitalhouse @maelfosso @etletl #mobile #news,@rautsanMon Mar 11 13:02:31 +0000 2019,Mar,Mon,2019,11
"Sandeep Raut @rautsanMon Mar 11 12:48:56 +0000 2019Top story: APIs for Dummies https://t.co/bESNha5jaX, see more https://t.co/PIX3uT6Neb",Sandeep Raut ,"Top story: APIs for Dummies https://t.co/bESNha5jaX, see more https://t.co/PIX3uT6Neb",@rautsanMon Mar 11 12:48:56 +0000 2019,Mar,Mon,2019,11
"Sandeep Raut @rautsanMon Mar 11 12:30:00 +0000 2019#Wearables https://t.co/aTF6hov37z - top stories by @Camilox, @a_almagrabi, @Aneel_Irfan",Sandeep Raut ,"#Wearables https://t.co/aTF6hov37z - top stories by @Camilox, @a_almagrabi, @Aneel_Irfan",@rautsanMon Mar 11 12:30:00 +0000 2019,Mar,Mon,2019,11
"Sandeep Raut @rautsanMon Mar 11 12:24:32 +0000 2019Top story: Ron Vining on LinkedIn: ""9 Tips to Boost Customer Experience and Profitability
Part 2
Whatâ€™s the Conneâ€¦ https://t.co/lBwfCt30Ij",Sandeep Raut ,"Top story: Ron Vining on LinkedIn: ""9 Tips to Boost Customer Experience and Profitability
Part 2
Whatâ€™s the Conneâ€¦ https://t.co/lBwfCt30Ij",@rautsanMon Mar 11 12:24:32 +0000 2019,Mar,Mon,2019,11
"Sandeep Raut @rautsanMon Mar 11 12:24:32 +0000 2019Top story: Digital Design Jury |
2019 D&AD D&AD Awards Winners
| D&AD https://t.co/BLtl4VQirp, see more https://t.co/L2tL94UirJ",Sandeep Raut ,"Top story: Digital Design Jury |
2019 D&AD D&AD Awards Winners
| D&AD https://t.co/BLtl4VQirp, see more https://t.co/L2tL94UirJ",@rautsanMon Mar 11 12:24:32 +0000 2019,Mar,Mon,2019,11
Sandeep Raut @rautsanMon Mar 11 12:23:20 +0000 2019Top story: @jatinmadhra: 'Artificial Intelligence Healthcare Market to Reach $6.6B by 2021. Acquisitions of #AIâ€¦ https://t.co/IqDk9ogOxy,Sandeep Raut ,Top story: @jatinmadhra: 'Artificial Intelligence Healthcare Market to Reach $6.6B by 2021. Acquisitions of #AIâ€¦ https://t.co/IqDk9ogOxy,@rautsanMon Mar 11 12:23:20 +0000 2019,Mar,Mon,2019,11
"Sandeep Raut @rautsanMon Mar 11 12:23:20 +0000 2019Top story: How to take your at-home office from semi-digital to completely digital https://t.co/PU6QOSsriC, see more https://t.co/4Edf7F0YPl",Sandeep Raut ,"Top story: How to take your at-home office from semi-digital to completely digital https://t.co/PU6QOSsriC, see more https://t.co/4Edf7F0YPl",@rautsanMon Mar 11 12:23:20 +0000 2019,Mar,Mon,2019,11
Sandeep Raut @rautsanMon Mar 11 12:01:01 +0000 2019#DigitalTransformation The do's and don'ts of franchise marketing https://t.co/Y5Vevs9Xb1 https://t.co/oZWkhkhx2l,Sandeep Raut ,#DigitalTransformation The do's and don'ts of franchise marketing https://t.co/Y5Vevs9Xb1 https://t.co/oZWkhkhx2l,@rautsanMon Mar 11 12:01:01 +0000 2019,Mar,Mon,2019,11
Sandeep Raut @rautsanMon Mar 11 12:00:06 +0000 2019#DigitalTransformation Banks are playing catch-up in the big-data game https://t.co/Y5VevsryzB https://t.co/IOq7GeDaBs,Sandeep Raut ,#DigitalTransformation Banks are playing catch-up in the big-data game https://t.co/Y5VevsryzB https://t.co/IOq7GeDaBs,@rautsanMon Mar 11 12:00:06 +0000 2019,Mar,Mon,2019,11
"Sandeep Raut @rautsanMon Mar 11 11:30:00 +0000 2019#UI #UX https://t.co/aThqcmyi4y - top stories by @ChexXBalance, @madewithmode, @ElijahAugust",Sandeep Raut ,"#UI #UX https://t.co/aThqcmyi4y - top stories by @ChexXBalance, @madewithmode, @ElijahAugust",@rautsanMon Mar 11 11:30:00 +0000 2019,Mar,Mon,2019,11
"Sandeep Raut @rautsanMon Mar 11 10:30:00 +0000 2019#DataScience https://t.co/2DsvAvwGjn - top stories by @Jus_tinian, @leobiscassi, @DataCamp",Sandeep Raut ,"#DataScience https://t.co/2DsvAvwGjn - top stories by @Jus_tinian, @leobiscassi, @DataCamp",@rautsanMon Mar 11 10:30:00 +0000 2019,Mar,Mon,2019,11
"Sandeep Raut @rautsanMon Mar 11 09:30:00 +0000 2019#API https://t.co/OtfTSqrVgh - top stories by @itzabusiness, @theantduch, @Dani_Bice",Sandeep Raut ,"#API https://t.co/OtfTSqrVgh - top stories by @itzabusiness, @theantduch, @Dani_Bice",@rautsanMon Mar 11 09:30:00 +0000 2019,Mar,Mon,2019,11
Sandeep Raut @rautsanMon Mar 11 08:54:00 +0000 2019#DigitalTransformation C-Suite Whispers: Considering an event-centric data strategy? Hereâ€™s what you need to knowâ€¦ https://t.co/pBPjjLRWZe,Sandeep Raut ,#DigitalTransformation C-Suite Whispers: Considering an event-centric data strategy? Hereâ€™s what you need to knowâ€¦ https://t.co/pBPjjLRWZe,@rautsanMon Mar 11 08:54:00 +0000 2019,Mar,Mon,2019,11
Sandeep Raut @rautsanMon Mar 11 08:53:00 +0000 2019#DigitalTransformation Why Use a Multi Cloud Strategy? https://t.co/Y5VevsryzB https://t.co/moMCH2d5Wy,Sandeep Raut ,#DigitalTransformation Why Use a Multi Cloud Strategy? https://t.co/Y5VevsryzB https://t.co/moMCH2d5Wy,@rautsanMon Mar 11 08:53:00 +0000 2019,Mar,Mon,2019,11
Sandeep Raut @rautsanMon Mar 11 08:30:00 +0000 2019#BigData https://t.co/PZIyHA6pap - top stories by @Wipro,Sandeep Raut ,#BigData https://t.co/PZIyHA6pap - top stories by @Wipro,@rautsanMon Mar 11 08:30:00 +0000 2019,Mar,Mon,2019,11
Sandeep Raut @rautsanMon Mar 11 08:06:00 +0000 2019#DigitalTransformation Why leaders can become a liability in the digital age https://t.co/Kztifu1d2z https://t.co/hdTFuzs8cK,Sandeep Raut ,#DigitalTransformation Why leaders can become a liability in the digital age https://t.co/Kztifu1d2z https://t.co/hdTFuzs8cK,@rautsanMon Mar 11 08:06:00 +0000 2019,Mar,Mon,2019,11
Sandeep Raut @rautsanMon Mar 11 08:00:43 +0000 2019Connect with my #InternetofThings Daily! https://t.co/zNMO3F7IUW Thanks to @smesecurity #davidbowie #anyoneanywhere,Sandeep Raut ,Connect with my #InternetofThings Daily! https://t.co/zNMO3F7IUW Thanks to @smesecurity #davidbowie #anyoneanywhere,@rautsanMon Mar 11 08:00:43 +0000 2019,Mar,Mon,2019,11
"Sandeep Raut @rautsanMon Mar 11 07:48:50 +0000 2019Top story: Owning the customer experience: the evolving role of the CMO https://t.co/ou8WhWPISo, see more https://t.co/UD8OsHzfmo",Sandeep Raut ,"Top story: Owning the customer experience: the evolving role of the CMO https://t.co/ou8WhWPISo, see more https://t.co/UD8OsHzfmo",@rautsanMon Mar 11 07:48:50 +0000 2019,Mar,Mon,2019,11
"Sandeep Raut @rautsanMon Mar 11 07:48:50 +0000 2019Top story: UI Design Trends for 2019: Free eBook by UXPin https://t.co/PsYGukS2Ar, see more https://t.co/L2tL94UirJ",Sandeep Raut ,"Top story: UI Design Trends for 2019: Free eBook by UXPin https://t.co/PsYGukS2Ar, see more https://t.co/L2tL94UirJ",@rautsanMon Mar 11 07:48:50 +0000 2019,Mar,Mon,2019,11
"Sandeep Raut @rautsanMon Mar 11 07:47:41 +0000 2019Top story: Intermediate Spreadsheets for Data Science | DataCamp https://t.co/PUrH1XG8cX, see more https://t.co/KCR3BRfYG0",Sandeep Raut ,"Top story: Intermediate Spreadsheets for Data Science | DataCamp https://t.co/PUrH1XG8cX, see more https://t.co/KCR3BRfYG0",@rautsanMon Mar 11 07:47:41 +0000 2019,Mar,Mon,2019,11
"Sandeep Raut @rautsanMon Mar 11 07:47:41 +0000 2019Top story: @mnaEN: '#Republican Rep. Will Hurd: ""If we're not leading on"" #artificial intelligence, that's going toâ€¦ https://t.co/iR8PJ5zfhR",Sandeep Raut ,"Top story: @mnaEN: '#Republican Rep. Will Hurd: ""If we're not leading on"" #artificial intelligence, that's going toâ€¦ https://t.co/iR8PJ5zfhR",@rautsanMon Mar 11 07:47:41 +0000 2019,Mar,Mon,2019,11
"Sandeep Raut @rautsanMon Mar 11 07:30:00 +0000 2019#ArtificialIntelligence https://t.co/CjHZ4r8dHw - top stories by @mosio, @clinicoin, @DME_Jun",Sandeep Raut ,"#ArtificialIntelligence https://t.co/CjHZ4r8dHw - top stories by @mosio, @clinicoin, @DME_Jun",@rautsanMon Mar 11 07:30:00 +0000 2019,Mar,Mon,2019,11
Sandeep Raut @rautsanMon Mar 11 07:28:14 +0000 2019Read my #MachineLearning Daily https://t.co/ZEeUPVIUOT Stories via @ShakirZari @szul @Minerva_DataLab #machinelearning #ai,Sandeep Raut ,Read my #MachineLearning Daily https://t.co/ZEeUPVIUOT Stories via @ShakirZari @szul @Minerva_DataLab #machinelearning #ai,@rautsanMon Mar 11 07:28:14 +0000 2019,Mar,Mon,2019,11
"Sandeep Raut @rautsanMon Mar 11 06:45:01 +0000 2019Transforming Organisations, Changing The Nature Of Work https://t.co/Y5VevsryzB https://t.co/9BoRZiK7EZ",Sandeep Raut ,"Transforming Organisations, Changing The Nature Of Work https://t.co/Y5VevsryzB https://t.co/9BoRZiK7EZ",@rautsanMon Mar 11 06:45:01 +0000 2019,Mar,Mon,2019,11
Sandeep Raut @rautsanMon Mar 11 06:44:00 +0000 2019#DigitalTransformation Cut out the middleman/women? Not with social media influencers! https://t.co/Y5VevsryzB https://t.co/Bb8juOxxgG,Sandeep Raut ,#DigitalTransformation Cut out the middleman/women? Not with social media influencers! https://t.co/Y5VevsryzB https://t.co/Bb8juOxxgG,@rautsanMon Mar 11 06:44:00 +0000 2019,Mar,Mon,2019,11
Sandeep Raut @rautsanMon Mar 11 06:30:00 +0000 2019#MachineLearning https://t.co/EeghZr32zE - top stories by @propal_z,Sandeep Raut ,#MachineLearning https://t.co/EeghZr32zE - top stories by @propal_z,@rautsanMon Mar 11 06:30:00 +0000 2019,Mar,Mon,2019,11
Sandeep Raut @rautsanMon Mar 11 06:05:00 +0000 2019What is digital transformation? Everything you need to know https://t.co/kOV5zQycGa https://t.co/KvfHBCKzYl,Sandeep Raut ,What is digital transformation? Everything you need to know https://t.co/kOV5zQycGa https://t.co/KvfHBCKzYl,@rautsanMon Mar 11 06:05:00 +0000 2019,Mar,Mon,2019,11
Sandeep Raut @rautsanMon Mar 11 05:47:02 +0000 2019It's Time To Build Digital-First Banking Units https://t.co/Uwuq6tswy6,Sandeep Raut ,It's Time To Build Digital-First Banking Units https://t.co/Uwuq6tswy6,@rautsanMon Mar 11 05:47:02 +0000 2019,Mar,Mon,2019,11
Sandeep Raut @rautsanMon Mar 11 05:47:01 +0000 2019Disrupt your business with my #DigitalTransformation Daily! https://t.co/ujgIUVqCXc Stories via @3HTi_â€¦ https://t.co/9T0ti721nB,Sandeep Raut ,Disrupt your business with my #DigitalTransformation Daily! https://t.co/ujgIUVqCXc Stories via @3HTi_â€¦ https://t.co/9T0ti721nB,@rautsanMon Mar 11 05:47:01 +0000 2019,Mar,Mon,2019,11
Sandeep Raut @rautsanMon Mar 11 03:57:08 +0000 2019Here is my #BigData Daily! https://t.co/PQIq6naaJK Thanks to @amir_math90 @Cash_Flow_Det @pawmal80 #bigdata #iot,Sandeep Raut ,Here is my #BigData Daily! https://t.co/PQIq6naaJK Thanks to @amir_math90 @Cash_Flow_Det @pawmal80 #bigdata #iot,@rautsanMon Mar 11 03:57:08 +0000 2019,Mar,Mon,2019,11
Sandeep Raut @rautsanMon Mar 11 03:55:00 +0000 2019Microsoft opens first African cloud regions https://t.co/Y5VevsryzB https://t.co/ICp5jr5baC,Sandeep Raut ,Microsoft opens first African cloud regions https://t.co/Y5VevsryzB https://t.co/ICp5jr5baC,@rautsanMon Mar 11 03:55:00 +0000 2019,Mar,Mon,2019,11
Sandeep Raut @rautsanMon Mar 11 03:54:00 +0000 2019#DigitalTransformation Chicago Facility Is First Advanced-Manufacturing Institute To Have Funding Follow-Onâ€¦ https://t.co/4GYUxlNV46,Sandeep Raut ,#DigitalTransformation Chicago Facility Is First Advanced-Manufacturing Institute To Have Funding Follow-Onâ€¦ https://t.co/4GYUxlNV46,@rautsanMon Mar 11 03:54:00 +0000 2019,Mar,Mon,2019,11
Sandeep Raut @rautsanMon Mar 11 03:48:27 +0000 2019Top story: @PGATOUR: 'ðŸ‡®ðŸ‡¹Â @F_Molinari's clutch birdie on the 72nd hole @APinv is even more exciting when called byâ€¦ https://t.co/ttbbR0gjgk,Sandeep Raut ,Top story: @PGATOUR: 'ðŸ‡®ðŸ‡¹Â @F_Molinari's clutch birdie on the 72nd hole @APinv is even more exciting when called byâ€¦ https://t.co/ttbbR0gjgk,@rautsanMon Mar 11 03:48:27 +0000 2019,Mar,Mon,2019,11
"Sandeep Raut @rautsanMon Mar 11 03:38:41 +0000 2019Top story: Why Data Science Teams Need Generalists, Not Specialists https://t.co/URdGxhyYHf, see more https://t.co/KCR3BRfYG0",Sandeep Raut ,"Top story: Why Data Science Teams Need Generalists, Not Specialists https://t.co/URdGxhyYHf, see more https://t.co/KCR3BRfYG0",@rautsanMon Mar 11 03:38:41 +0000 2019,Mar,Mon,2019,11
"Sandeep Raut @rautsanMon Mar 11 03:38:40 +0000 2019Top story: 5 Skills You Need to Become a Machine Learning Engineer | Udacity https://t.co/MtkLywDP4o, see more https://t.co/NThubCuiOJ",Sandeep Raut ,"Top story: 5 Skills You Need to Become a Machine Learning Engineer | Udacity https://t.co/MtkLywDP4o, see more https://t.co/NThubCuiOJ",@rautsanMon Mar 11 03:38:40 +0000 2019,Mar,Mon,2019,11
"Sandeep Raut @rautsanMon Mar 11 03:38:40 +0000 2019Top story: The Internet of other peopleâ€™s things - The Neural Archive https://t.co/rB65GcS7G9, see more https://t.co/sPI63hbxJ5",Sandeep Raut ,"Top story: The Internet of other peopleâ€™s things - The Neural Archive https://t.co/rB65GcS7G9, see more https://t.co/sPI63hbxJ5",@rautsanMon Mar 11 03:38:40 +0000 2019,Mar,Mon,2019,11
"Sandeep Raut @rautsanMon Mar 11 03:38:39 +0000 2019Top story: @gigadgets_: 'Future of #skin #electronics.
Researchers at @UTokyo_News_en developed the futuristic e-skâ€¦ https://t.co/Xt2m87ivMD",Sandeep Raut ,"Top story: @gigadgets_: 'Future of #skin #electronics.
Researchers at @UTokyo_News_en developed the futuristic e-skâ€¦ https://t.co/Xt2m87ivMD",@rautsanMon Mar 11 03:38:39 +0000 2019,Mar,Mon,2019,11
Sandeep Raut @rautsanMon Mar 11 03:08:13 +0000 2019Read my #ArtificialIntelligence Daily! https://t.co/iFG4MOpRJl Thanks to @Aksana_Belarus @accelerations #ai #artificialintelligence,Sandeep Raut ,Read my #ArtificialIntelligence Daily! https://t.co/iFG4MOpRJl Thanks to @Aksana_Belarus @accelerations #ai #artificialintelligence,@rautsanMon Mar 11 03:08:13 +0000 2019,Mar,Mon,2019,11
"Sandeep Raut @rautsanMon Mar 11 02:51:49 +0000 2019Want to know the 4 traps in your digital transformation journey? Engage us to avoid them.
#DigitalMondayâ€¦ https://t.co/1g2ckUZouJ",Sandeep Raut ,"Want to know the 4 traps in your digital transformation journey? Engage us to avoid them.
#DigitalMondayâ€¦ https://t.co/1g2ckUZouJ",@rautsanMon Mar 11 02:51:49 +0000 2019,Mar,Mon,2019,11
Sandeep Raut @rautsanMon Mar 11 02:15:39 +0000 2019Don't Let Your Digital Marketing Go To Waste! https://t.co/k0Nz8PIuR1 #digitalmarketing,Sandeep Raut ,Don't Let Your Digital Marketing Go To Waste! https://t.co/k0Nz8PIuR1 #digitalmarketing,@rautsanMon Mar 11 02:15:39 +0000 2019,Mar,Mon,2019,11
Sandeep Raut @rautsanMon Mar 11 02:15:39 +0000 2019Make your brand visible with my #DgitalMarketing Daily! https://t.co/J5BMirYybu Thanks to @ifrogdm @jimi_lewisâ€¦ https://t.co/MRdJTfODzi,Sandeep Raut ,Make your brand visible with my #DgitalMarketing Daily! https://t.co/J5BMirYybu Thanks to @ifrogdm @jimi_lewisâ€¦ https://t.co/MRdJTfODzi,@rautsanMon Mar 11 02:15:39 +0000 2019,Mar,Mon,2019,11
"Sandeep Raut @rautsanMon Mar 11 02:01:00 +0000 2019#DigitalTransformation From protection to management: Veeam focuses on data visibility, access and controlâ€¦ https://t.co/8F6oRrC0fV",Sandeep Raut ,"#DigitalTransformation From protection to management: Veeam focuses on data visibility, access and controlâ€¦ https://t.co/8F6oRrC0fV",@rautsanMon Mar 11 02:01:00 +0000 2019,Mar,Mon,2019,11
Sandeep Raut @rautsanMon Mar 11 02:00:23 +0000 2019#DigitalTransformation The Web Development Capabilities You Need For Your Small Business https://t.co/Y5VevsryzB https://t.co/V8lIqIeILp,Sandeep Raut ,#DigitalTransformation The Web Development Capabilities You Need For Your Small Business https://t.co/Y5VevsryzB https://t.co/V8lIqIeILp,@rautsanMon Mar 11 02:00:23 +0000 2019,Mar,Mon,2019,11
Sandeep Raut @rautsanMon Mar 11 01:55:18 +0000 2019Enhance #CustomerExperience with my Daily! https://t.co/c6fuapCmJQ Thanks to @Andrew_Dennis @suardiaz @ACIWorld #cx #marketing,Sandeep Raut ,Enhance #CustomerExperience with my Daily! https://t.co/c6fuapCmJQ Thanks to @Andrew_Dennis @suardiaz @ACIWorld #cx #marketing,@rautsanMon Mar 11 01:55:18 +0000 2019,Mar,Mon,2019,11
"Sandeep Raut @rautsanSun Mar 10 22:28:46 +0000 2019Top story: @OECD: 'How are governments, businesses & individuals addressing the #digital transformation?
Tune in tâ€¦ https://t.co/CPoouWNevM",Sandeep Raut ,"Top story: @OECD: 'How are governments, businesses & individuals addressing the #digital transformation?
Tune in tâ€¦ https://t.co/CPoouWNevM",@rautsanSun Mar 10 22:28:46 +0000 2019,Mar,Sun,2019,10
"Sandeep Raut @rautsanSun Mar 10 22:28:46 +0000 2019Top story: When It Comes to Big Data, Technology Is Not Everything - Wipro https://t.co/2R06Ke1xXV, see more https://t.co/fyQmqSZN47",Sandeep Raut ,"Top story: When It Comes to Big Data, Technology Is Not Everything - Wipro https://t.co/2R06Ke1xXV, see more https://t.co/fyQmqSZN47",@rautsanSun Mar 10 22:28:46 +0000 2019,Mar,Sun,2019,10
"Sandeep Raut @rautsanSun Mar 10 22:28:45 +0000 2019Top story: Artificial Intelligence in Healthcare: How AI Shapes Medicine https://t.co/4W2uo62wJk, see more https://t.co/rl6X0dj0Bi",Sandeep Raut ,"Top story: Artificial Intelligence in Healthcare: How AI Shapes Medicine https://t.co/4W2uo62wJk, see more https://t.co/rl6X0dj0Bi",@rautsanSun Mar 10 22:28:45 +0000 2019,Mar,Sun,2019,10
"Sandeep Raut @rautsanSun Mar 10 22:28:45 +0000 2019Top story: @cuneytdevecigil: 'Evolution of #Internet of Things! #SCSW2019 ' https://t.co/60ZiJ9WmrL, see more https://t.co/sPI63hbxJ5",Sandeep Raut ,"Top story: @cuneytdevecigil: 'Evolution of #Internet of Things! #SCSW2019 ' https://t.co/60ZiJ9WmrL, see more https://t.co/sPI63hbxJ5",@rautsanSun Mar 10 22:28:45 +0000 2019,Mar,Sun,2019,10
"Sandeep Raut @rautsanSun Mar 10 17:38:49 +0000 2019Top story: Use Machine Learning to Create Music Through Gestures | Custom | Maker Pro https://t.co/P1CSDCdSS3, seeâ€¦ https://t.co/d10FfFf7N5",Sandeep Raut ,"Top story: Use Machine Learning to Create Music Through Gestures | Custom | Maker Pro https://t.co/P1CSDCdSS3, seeâ€¦ https://t.co/d10FfFf7N5",@rautsanSun Mar 10 17:38:49 +0000 2019,Mar,Sun,2019,10
Sandeep Raut @rautsanSun Mar 10 17:38:49 +0000 2019Top story: Heuristic Evaluation: How to Conduct a Heuristic Evaluation | Interaction Design Foundationâ€¦ https://t.co/AWkyAFxxu2,Sandeep Raut ,Top story: Heuristic Evaluation: How to Conduct a Heuristic Evaluation | Interaction Design Foundationâ€¦ https://t.co/AWkyAFxxu2,@rautsanSun Mar 10 17:38:49 +0000 2019,Mar,Sun,2019,10
"Sandeep Raut @rautsanSun Mar 10 17:38:49 +0000 2019Top story: @mashable: 'If for some reason you ever need an extra thumb, this device has you covered 'â€¦ https://t.co/jCyd839KY3",Sandeep Raut ,"Top story: @mashable: 'If for some reason you ever need an extra thumb, this device has you covered 'â€¦ https://t.co/jCyd839KY3",@rautsanSun Mar 10 17:38:49 +0000 2019,Mar,Sun,2019,10
"Sandeep Raut @rautsanSun Mar 10 17:37:41 +0000 2019Top story: Theme session N https://t.co/qm7Qwq6xm4, see more https://t.co/KCR3BRfYG0",Sandeep Raut ,"Top story: Theme session N https://t.co/qm7Qwq6xm4, see more https://t.co/KCR3BRfYG0",@rautsanSun Mar 10 17:37:41 +0000 2019,Mar,Sun,2019,10
Sandeep Raut @rautsanSun Mar 10 17:34:00 +0000 2019#DigitalTransformation 4 Ways To Better Care For Your B2B Customers At Trade Shows https://t.co/Y5VevsryzB https://t.co/tc6r7Uk2rC,Sandeep Raut ,#DigitalTransformation 4 Ways To Better Care For Your B2B Customers At Trade Shows https://t.co/Y5VevsryzB https://t.co/tc6r7Uk2rC,@rautsanSun Mar 10 17:34:00 +0000 2019,Mar,Sun,2019,10
Sandeep Raut @rautsanSun Mar 10 17:33:00 +0000 2019#DigitalTransformation Google makes it easier for AI developers to ensure data privacy https://t.co/Y5VevsryzB https://t.co/F7m5YnsTl5,Sandeep Raut ,#DigitalTransformation Google makes it easier for AI developers to ensure data privacy https://t.co/Y5VevsryzB https://t.co/F7m5YnsTl5,@rautsanSun Mar 10 17:33:00 +0000 2019,Mar,Sun,2019,10
Sandeep Raut @rautsanSun Mar 10 17:10:10 +0000 2019Specially curated #datascience Daily! https://t.co/mNLf9ULDHC Stories via @tealium @globalsign #machinelearning #datascience,Sandeep Raut ,Specially curated #datascience Daily! https://t.co/mNLf9ULDHC Stories via @tealium @globalsign #machinelearning #datascience,@rautsanSun Mar 10 17:10:10 +0000 2019,Mar,Sun,2019,10
Sandeep Raut @rautsanSun Mar 10 16:00:26 +0000 2019#DigitalTransformation Gismart launches investment program for indie developers https://t.co/Y5VevsryzB https://t.co/y8f6Fl4MHW,Sandeep Raut ,#DigitalTransformation Gismart launches investment program for indie developers https://t.co/Y5VevsryzB https://t.co/y8f6Fl4MHW,@rautsanSun Mar 10 16:00:26 +0000 2019,Mar,Sun,2019,10
Sandeep Raut @rautsanSun Mar 10 15:59:03 +0000 2019#DigitalTransformation Rethinking Marketing Funnel Logistics: Understanding Adaptive Engagementâ€¦ https://t.co/VRwez2rPyD,Sandeep Raut ,#DigitalTransformation Rethinking Marketing Funnel Logistics: Understanding Adaptive Engagementâ€¦ https://t.co/VRwez2rPyD,@rautsanSun Mar 10 15:59:03 +0000 2019,Mar,Sun,2019,10
Sandeep Raut @rautsanSun Mar 10 15:30:00 +0000 2019#InternetofThings https://t.co/fNh33w79zl - top stories by @CamSecurityNow,Sandeep Raut ,#InternetofThings https://t.co/fNh33w79zl - top stories by @CamSecurityNow,@rautsanSun Mar 10 15:30:00 +0000 2019,Mar,Sun,2019,10
Sandeep Raut @rautsanSun Mar 10 14:30:01 +0000 2019#CustomerExperience https://t.co/qGh8ZvxTqf - top stories by @larryangeli,Sandeep Raut ,#CustomerExperience https://t.co/qGh8ZvxTqf - top stories by @larryangeli,@rautsanSun Mar 10 14:30:01 +0000 2019,Mar,Sun,2019,10
Sandeep Raut @rautsanSun Mar 10 14:21:00 +0000 2019#DigitalTransformation Adopt Holacracy Approach to Help Your Organization To Be More Agile https://t.co/Y5VevsryzB https://t.co/5i4yX25RDG,Sandeep Raut ,#DigitalTransformation Adopt Holacracy Approach to Help Your Organization To Be More Agile https://t.co/Y5VevsryzB https://t.co/5i4yX25RDG,@rautsanSun Mar 10 14:21:00 +0000 2019,Mar,Sun,2019,10
Sandeep Raut @rautsanSun Mar 10 14:21:00 +0000 2019#DigitalTransformation Annual Fraud Report Shows Friction in the Customer Experience is the New #1 Fraud Concern foâ€¦ https://t.co/E6cPh7BHPB,Sandeep Raut ,#DigitalTransformation Annual Fraud Report Shows Friction in the Customer Experience is the New #1 Fraud Concern foâ€¦ https://t.co/E6cPh7BHPB,@rautsanSun Mar 10 14:21:00 +0000 2019,Mar,Sun,2019,10
Sandeep Raut @rautsanSun Mar 10 14:20:01 +0000 2019#DigitalTransformation Threat intelligence market set to hit $13bn by 2025 https://t.co/Y5VevsryzB https://t.co/7X5JSpwoUc,Sandeep Raut ,#DigitalTransformation Threat intelligence market set to hit $13bn by 2025 https://t.co/Y5VevsryzB https://t.co/7X5JSpwoUc,@rautsanSun Mar 10 14:20:01 +0000 2019,Mar,Sun,2019,10
Sandeep Raut @rautsanSun Mar 10 14:20:00 +0000 2019#DigitalTransformation Big data facilitates international money transfers https://t.co/Y5VevsryzB https://t.co/EHrEVXBCeI,Sandeep Raut ,#DigitalTransformation Big data facilitates international money transfers https://t.co/Y5VevsryzB https://t.co/EHrEVXBCeI,@rautsanSun Mar 10 14:20:00 +0000 2019,Mar,Sun,2019,10
"Sandeep Raut @rautsanSun Mar 10 14:03:14 +0000 2019Top story: Wearable fall detector https://t.co/Eq9DCc0IhE, see more https://t.co/pzjFYdfNzC",Sandeep Raut ,"Top story: Wearable fall detector https://t.co/Eq9DCc0IhE, see more https://t.co/pzjFYdfNzC",@rautsanSun Mar 10 14:03:14 +0000 2019,Mar,Sun,2019,10
Sandeep Raut @rautsanSun Mar 10 14:03:02 +0000 2019VOA Experts https://t.co/FtgeLWQ2ob,Sandeep Raut ,VOA Experts https://t.co/FtgeLWQ2ob,@rautsanSun Mar 10 14:03:02 +0000 2019,Mar,Sun,2019,10
Sandeep Raut @rautsanSun Mar 10 14:03:02 +0000 2019The latest Check my #ChiefDigitalOfficer Daily! https://t.co/pfKGCkvuDr Thanks to @pelatro @CitrixNetworkâ€¦ https://t.co/MIAHmTPum4,Sandeep Raut ,The latest Check my #ChiefDigitalOfficer Daily! https://t.co/pfKGCkvuDr Thanks to @pelatro @CitrixNetworkâ€¦ https://t.co/MIAHmTPum4,@rautsanSun Mar 10 14:03:02 +0000 2019,Mar,Sun,2019,10
"Sandeep Raut @rautsanSun Mar 10 13:30:00 +0000 2019#DigitalTransformation https://t.co/jszzWCAioT - top stories by @Jaolmedagm, @iahalman, @PilatSTI",Sandeep Raut ,"#DigitalTransformation https://t.co/jszzWCAioT - top stories by @Jaolmedagm, @iahalman, @PilatSTI",@rautsanSun Mar 10 13:30:00 +0000 2019,Mar,Sun,2019,10
Sandeep Raut @rautsanSun Mar 10 13:02:30 +0000 2019Be mobile with my #Mobility Daily! https://t.co/HXb2OGREN4 Thanks to @CyberScoopNews @lapapera50 @Cennos_inc #digital #mobile,Sandeep Raut ,Be mobile with my #Mobility Daily! https://t.co/HXb2OGREN4 Thanks to @CyberScoopNews @lapapera50 @Cennos_inc #digital #mobile,@rautsanSun Mar 10 13:02:30 +0000 2019,Mar,Sun,2019,10
"Sandeep Raut @rautsanSun Mar 10 12:30:00 +0000 2019#Wearables https://t.co/aTF6hov37z - top stories by @piscitelli, @SydWeedon",Sandeep Raut ,"#Wearables https://t.co/aTF6hov37z - top stories by @piscitelli, @SydWeedon",@rautsanSun Mar 10 12:30:00 +0000 2019,Mar,Sun,2019,10
Sandeep Raut @rautsanSun Mar 10 12:01:01 +0000 2019#DigitalTransformation Article Recommendation With Personalized PageRank and Full-Text Searchâ€¦ https://t.co/LX5GiTtvsF,Sandeep Raut ,#DigitalTransformation Article Recommendation With Personalized PageRank and Full-Text Searchâ€¦ https://t.co/LX5GiTtvsF,@rautsanSun Mar 10 12:01:01 +0000 2019,Mar,Sun,2019,10
Sandeep Raut @rautsanSun Mar 10 12:00:09 +0000 2019#DigitalTransformation Arcadis kicks off Digital Innovation Hub with City of 2030 accelerator and announces the 10â€¦ https://t.co/OBUkew45qs,Sandeep Raut ,#DigitalTransformation Arcadis kicks off Digital Innovation Hub with City of 2030 accelerator and announces the 10â€¦ https://t.co/OBUkew45qs,@rautsanSun Mar 10 12:00:09 +0000 2019,Mar,Sun,2019,10
"Sandeep Raut @rautsanSun Mar 10 11:30:00 +0000 2019#UI #UX https://t.co/aThqcmyi4y - top stories by @Prajwal2611, @Samarth027, @alind_kamal",Sandeep Raut ,"#UI #UX https://t.co/aThqcmyi4y - top stories by @Prajwal2611, @Samarth027, @alind_kamal",@rautsanSun Mar 10 11:30:00 +0000 2019,Mar,Sun,2019,10
Sandeep Raut @rautsanSun Mar 10 11:17:45 +0000 2019RT @CIOWaterCooler: Difference between Digitization and Digital Transformation https://t.co/DUkMZ0a9ti @RautSan #digital https://t.co/QjamDâ€¦,Sandeep Raut ,RT @CIOWaterCooler: Difference between Digitization and Digital Transformation https://t.co/DUkMZ0a9ti @RautSan #digital https://t.co/QjamDâ€¦,@rautsanSun Mar 10 11:17:45 +0000 2019,Mar,Sun,2019,10
"Sandeep Raut @rautsanSun Mar 10 10:38:29 +0000 2019Top story: The analysts' guide to APIs | ThoughtWorks https://t.co/ZZbdYJauAx, see more https://t.co/PIX3uT6Neb",Sandeep Raut ,"Top story: The analysts' guide to APIs | ThoughtWorks https://t.co/ZZbdYJauAx, see more https://t.co/PIX3uT6Neb",@rautsanSun Mar 10 10:38:29 +0000 2019,Mar,Sun,2019,10
"Sandeep Raut @rautsanSun Mar 10 10:30:00 +0000 2019#DataScience https://t.co/2DsvAvwGjn - top stories by @BioDataJournal, @Pensoft, @johan_mols",Sandeep Raut ,"#DataScience https://t.co/2DsvAvwGjn - top stories by @BioDataJournal, @Pensoft, @johan_mols",@rautsanSun Mar 10 10:30:00 +0000 2019,Mar,Sun,2019,10
Sandeep Raut @rautsanSun Mar 10 10:22:41 +0000 2019Top story: This is How AI Will Change the Future of Leadership - Lolly Daskal | Leadership | Lolly Daskalâ€¦ https://t.co/g8SVWEDlzm,Sandeep Raut ,Top story: This is How AI Will Change the Future of Leadership - Lolly Daskal | Leadership | Lolly Daskalâ€¦ https://t.co/g8SVWEDlzm,@rautsanSun Mar 10 10:22:41 +0000 2019,Mar,Sun,2019,10
"Sandeep Raut @rautsanSun Mar 10 09:30:01 +0000 2019#API https://t.co/OtfTSqrVgh - top stories by @APILegCaucus, @rpmuriera, @hanjangho76",Sandeep Raut ,"#API https://t.co/OtfTSqrVgh - top stories by @APILegCaucus, @rpmuriera, @hanjangho76",@rautsanSun Mar 10 09:30:01 +0000 2019,Mar,Sun,2019,10
Sandeep Raut @rautsanSun Mar 10 08:54:00 +0000 2019Bayer Crop Science CIO and head of digital transformation: 5 keys to meeting goals https://t.co/Y5VevsryzB https://t.co/vmbTWtlCA2,Sandeep Raut ,Bayer Crop Science CIO and head of digital transformation: 5 keys to meeting goals https://t.co/Y5VevsryzB https://t.co/vmbTWtlCA2,@rautsanSun Mar 10 08:54:00 +0000 2019,Mar,Sun,2019,10
Sandeep Raut @rautsanSun Mar 10 08:53:00 +0000 2019#DigitalTransformation Essential hyper-converged cloud questions answered https://t.co/Y5VevsryzB https://t.co/JTg6kd9nrR,Sandeep Raut ,#DigitalTransformation Essential hyper-converged cloud questions answered https://t.co/Y5VevsryzB https://t.co/JTg6kd9nrR,@rautsanSun Mar 10 08:53:00 +0000 2019,Mar,Sun,2019,10
"Sandeep Raut @rautsanSun Mar 10 08:30:00 +0000 2019#BigData https://t.co/PZIyHA6pap - top stories by @Enongdeka, @MuhammadRidlo12, @murtgit",Sandeep Raut ,"#BigData https://t.co/PZIyHA6pap - top stories by @Enongdeka, @MuhammadRidlo12, @murtgit",@rautsanSun Mar 10 08:30:00 +0000 2019,Mar,Sun,2019,10
Sandeep Raut @rautsanSun Mar 10 08:06:00 +0000 2019#DigitalTransformation Facebook to encrypt its messaging to tackle data concerns https://t.co/Y5VevsryzB https://t.co/dTdkNnldFK,Sandeep Raut ,#DigitalTransformation Facebook to encrypt its messaging to tackle data concerns https://t.co/Y5VevsryzB https://t.co/dTdkNnldFK,@rautsanSun Mar 10 08:06:00 +0000 2019,Mar,Sun,2019,10
Sandeep Raut @rautsanSun Mar 10 07:30:00 +0000 2019#ArtificialIntelligence https://t.co/CjHZ4r8dHw - top stories by @bitoulas,Sandeep Raut ,#ArtificialIntelligence https://t.co/CjHZ4r8dHw - top stories by @bitoulas,@rautsanSun Mar 10 07:30:00 +0000 2019,Mar,Sun,2019,10
Sandeep Raut @rautsanSun Mar 10 07:28:14 +0000 2019Read my #MachineLearning Daily https://t.co/cPIUmAGDX3 #machinelearning #ai,Sandeep Raut ,Read my #MachineLearning Daily https://t.co/cPIUmAGDX3 #machinelearning #ai,@rautsanSun Mar 10 07:28:14 +0000 2019,Mar,Sun,2019,10
Sandeep Raut @rautsanSun Mar 10 07:23:24 +0000 2019Top story: @APILegCaucus: 'We are pleased to announce Treasurer @fionama will help kick off our 2019 Listening Tourâ€¦ https://t.co/iytO2Pt18y,Sandeep Raut ,Top story: @APILegCaucus: 'We are pleased to announce Treasurer @fionama will help kick off our 2019 Listening Tourâ€¦ https://t.co/iytO2Pt18y,@rautsanSun Mar 10 07:23:24 +0000 2019,Mar,Sun,2019,10
"Sandeep Raut @rautsanSun Mar 10 07:07:36 +0000 2019Top story: Apple to Start Augmented Reality Smartglasses Production Later This Year, Report Says Â« Next Realityâ€¦ https://t.co/K9psh9848F",Sandeep Raut ,"Top story: Apple to Start Augmented Reality Smartglasses Production Later This Year, Report Says Â« Next Realityâ€¦ https://t.co/K9psh9848F",@rautsanSun Mar 10 07:07:36 +0000 2019,Mar,Sun,2019,10
Sandeep Raut @rautsanSun Mar 10 06:45:00 +0000 2019#DigitalTransformation News in Digital from The Digital Transformation People #27 https://t.co/6KtAPIhwpV https://t.co/l64eS1sk6F,Sandeep Raut ,#DigitalTransformation News in Digital from The Digital Transformation People #27 https://t.co/6KtAPIhwpV https://t.co/l64eS1sk6F,@rautsanSun Mar 10 06:45:00 +0000 2019,Mar,Sun,2019,10
Sandeep Raut @rautsanSun Mar 10 06:44:01 +0000 2019#DigitalTransformation Fast Deterministic Prime Test for n Less Than Quintillion https://t.co/Y5VevsryzB https://t.co/V2ycQLrQhm,Sandeep Raut ,#DigitalTransformation Fast Deterministic Prime Test for n Less Than Quintillion https://t.co/Y5VevsryzB https://t.co/V2ycQLrQhm,@rautsanSun Mar 10 06:44:01 +0000 2019,Mar,Sun,2019,10
Sandeep Raut @rautsanSun Mar 10 06:30:00 +0000 2019#MachineLearning https://t.co/EeghZr32zE - top stories by @manolomarcosp,Sandeep Raut ,#MachineLearning https://t.co/EeghZr32zE - top stories by @manolomarcosp,@rautsanSun Mar 10 06:30:00 +0000 2019,Mar,Sun,2019,10
Sandeep Raut @rautsanSun Mar 10 06:05:00 +0000 2019#DigitalTransformation Cyber espionage group Whitefly behind SingHealth hack: Symantec https://t.co/Y5VevsryzB https://t.co/odnIzZkC6q,Sandeep Raut ,#DigitalTransformation Cyber espionage group Whitefly behind SingHealth hack: Symantec https://t.co/Y5VevsryzB https://t.co/odnIzZkC6q,@rautsanSun Mar 10 06:05:00 +0000 2019,Mar,Sun,2019,10
Sandeep Raut @rautsanSun Mar 10 06:05:00 +0000 2019#DigitalTransformation Payomaticâ€™s digital transformation towards mobile enablement for the citizens of New Yorkâ€¦ https://t.co/hqBNvynXYD,Sandeep Raut ,#DigitalTransformation Payomaticâ€™s digital transformation towards mobile enablement for the citizens of New Yorkâ€¦ https://t.co/hqBNvynXYD,@rautsanSun Mar 10 06:05:00 +0000 2019,Mar,Sun,2019,10
Sandeep Raut @rautsanSun Mar 10 05:46:32 +0000 2019How businesses can overcome the key threats to digital transformation https://t.co/87eXeoe31l,Sandeep Raut ,How businesses can overcome the key threats to digital transformation https://t.co/87eXeoe31l,@rautsanSun Mar 10 05:46:32 +0000 2019,Mar,Sun,2019,10
Sandeep Raut @rautsanSun Mar 10 05:46:32 +0000 2019Disrupt your business with my #DigitalTransformation Daily! https://t.co/tAwBvoFuUH Stories via @Alan_Nishiharaâ€¦ https://t.co/Lflb7ftPJT,Sandeep Raut ,Disrupt your business with my #DigitalTransformation Daily! https://t.co/tAwBvoFuUH Stories via @Alan_Nishiharaâ€¦ https://t.co/Lflb7ftPJT,@rautsanSun Mar 10 05:46:32 +0000 2019,Mar,Sun,2019,10
Sandeep Raut @rautsanSun Mar 10 03:57:07 +0000 2019Here is my #BigData Daily! https://t.co/5Ldg28E4uy Thanks to @sunce33 #bigdata #ai,Sandeep Raut ,Here is my #BigData Daily! https://t.co/5Ldg28E4uy Thanks to @sunce33 #bigdata #ai,@rautsanSun Mar 10 03:57:07 +0000 2019,Mar,Sun,2019,10
Sandeep Raut @rautsanSun Mar 10 03:55:00 +0000 2019#DigitalTransformation Could Machine Learning Make Intensive Care More Efficient? https://t.co/Y5Vevs9Xb1 https://t.co/OTMGNxWw2w,Sandeep Raut ,#DigitalTransformation Could Machine Learning Make Intensive Care More Efficient? https://t.co/Y5Vevs9Xb1 https://t.co/OTMGNxWw2w,@rautsanSun Mar 10 03:55:00 +0000 2019,Mar,Sun,2019,10
Sandeep Raut @rautsanSun Mar 10 03:54:00 +0000 2019#DigitalTransformation DataHack Radio #19: The Path to Artificial General Intelligence with Professor Melanie Mitchâ€¦ https://t.co/WlpgZ8wjmG,Sandeep Raut ,#DigitalTransformation DataHack Radio #19: The Path to Artificial General Intelligence with Professor Melanie Mitchâ€¦ https://t.co/WlpgZ8wjmG,@rautsanSun Mar 10 03:54:00 +0000 2019,Mar,Sun,2019,10
Sandeep Raut @rautsanSun Mar 10 03:54:00 +0000 2019#DigitalTransformation Hands-On Introduction to creditR: An Amazing R Package to Enhance Credit Risk Scoring and Vaâ€¦ https://t.co/Vyelc0Lswg,Sandeep Raut ,#DigitalTransformation Hands-On Introduction to creditR: An Amazing R Package to Enhance Credit Risk Scoring and Vaâ€¦ https://t.co/Vyelc0Lswg,@rautsanSun Mar 10 03:54:00 +0000 2019,Mar,Sun,2019,10
"Sandeep Raut @rautsanSun Mar 10 03:48:22 +0000 2019Top story: @CloudExpo: 'We Own 6 of the Worldâ€™s 100 Most Influential IoT Brands Since 2017
@CloudEXPO
@ThingsEXPOâ€¦ https://t.co/nS6yE7uD7f",Sandeep Raut ,"Top story: @CloudExpo: 'We Own 6 of the Worldâ€™s 100 Most Influential IoT Brands Since 2017
@CloudEXPO
@ThingsEXPOâ€¦ https://t.co/nS6yE7uD7f",@rautsanSun Mar 10 03:48:22 +0000 2019,Mar,Sun,2019,10
"Sandeep Raut @rautsanSun Mar 10 03:38:45 +0000 2019Top story: RSAC 2019: The Dark Side of Machine Learning | Threatpost https://t.co/fWVjdxMteG, see more https://t.co/NThubCuiOJ",Sandeep Raut ,"Top story: RSAC 2019: The Dark Side of Machine Learning | Threatpost https://t.co/fWVjdxMteG, see more https://t.co/NThubCuiOJ",@rautsanSun Mar 10 03:38:45 +0000 2019,Mar,Sun,2019,10
Sandeep Raut @rautsanSun Mar 10 03:38:45 +0000 2019Top story: @SK_InsPartners: 'From day one our team has valued the importance of a personal and relationship-drivenâ€¦ https://t.co/wwikJHoSYe,Sandeep Raut ,Top story: @SK_InsPartners: 'From day one our team has valued the importance of a personal and relationship-drivenâ€¦ https://t.co/wwikJHoSYe,@rautsanSun Mar 10 03:38:45 +0000 2019,Mar,Sun,2019,10
"Sandeep Raut @rautsanSun Mar 10 03:38:44 +0000 2019Top story: The Mystery Of Your Camera's IP Rating Solved! - The Security Camera Blog https://t.co/hgXxxdJnlO, see mâ€¦ https://t.co/7GYlA4QX2g",Sandeep Raut ,"Top story: The Mystery Of Your Camera's IP Rating Solved! - The Security Camera Blog https://t.co/hgXxxdJnlO, see mâ€¦ https://t.co/7GYlA4QX2g",@rautsanSun Mar 10 03:38:44 +0000 2019,Mar,Sun,2019,10
Sandeep Raut @rautsanSun Mar 10 03:07:32 +0000 2019Read my #ArtificialIntelligence Daily! https://t.co/czjRrpzByo Thanks to @Ko123Owens @jeffngail @Sparkyparky82 #ai #machinelearning,Sandeep Raut ,Read my #ArtificialIntelligence Daily! https://t.co/czjRrpzByo Thanks to @Ko123Owens @jeffngail @Sparkyparky82 #ai #machinelearning,@rautsanSun Mar 10 03:07:32 +0000 2019,Mar,Sun,2019,10
Sandeep Raut @rautsanSun Mar 10 02:15:36 +0000 2019Digital Marketing Strategy Works in 2019 Under These Conditions https://t.co/IDOMPuYiN4 #mariajohnsen,Sandeep Raut ,Digital Marketing Strategy Works in 2019 Under These Conditions https://t.co/IDOMPuYiN4 #mariajohnsen,@rautsanSun Mar 10 02:15:36 +0000 2019,Mar,Sun,2019,10
Sandeep Raut @rautsanSun Mar 10 02:15:36 +0000 2019Make your brand visible with my #DgitalMarketing Daily! https://t.co/V1biiq9qqx Thanks to @JinxianF @GreyVisual #digitalmarketing #marketing,Sandeep Raut ,Make your brand visible with my #DgitalMarketing Daily! https://t.co/V1biiq9qqx Thanks to @JinxianF @GreyVisual #digitalmarketing #marketing,@rautsanSun Mar 10 02:15:36 +0000 2019,Mar,Sun,2019,10
Sandeep Raut @rautsanSun Mar 10 02:01:00 +0000 2019#DigitalTransformation B2B Buyers Are Bored to Death with Your Marketing Speak https://t.co/DPTSU0qSvH https://t.co/y72nccwDRm,Sandeep Raut ,#DigitalTransformation B2B Buyers Are Bored to Death with Your Marketing Speak https://t.co/DPTSU0qSvH https://t.co/y72nccwDRm,@rautsanSun Mar 10 02:01:00 +0000 2019,Mar,Sun,2019,10
"Sandeep Raut @rautsanSun Mar 10 02:00:10 +0000 2019#DigitalTransformation AI will change or eliminate 130,000 federal jobs over the next two decadesâ€¦ https://t.co/521jdGKJBC",Sandeep Raut ,"#DigitalTransformation AI will change or eliminate 130,000 federal jobs over the next two decadesâ€¦ https://t.co/521jdGKJBC",@rautsanSun Mar 10 02:00:10 +0000 2019,Mar,Sun,2019,10
Sandeep Raut @rautsanSun Mar 10 01:55:16 +0000 2019Enhance #CustomerExperience with my Daily! https://t.co/Yyr87fAblb Thanks to @SideCutMedia @JoyAbdullah @Breakingbanks1 #business #cx,Sandeep Raut ,Enhance #CustomerExperience with my Daily! https://t.co/Yyr87fAblb Thanks to @SideCutMedia @JoyAbdullah @Breakingbanks1 #business #cx,@rautsanSun Mar 10 01:55:16 +0000 2019,Mar,Sun,2019,10
"Sandeep Raut @rautsanSat Mar 09 23:18:33 +0000 2019Top story: Goldman Rolls Out New ETFs Focused On Artificial Intelligence - WSJ https://t.co/crrMxpbkkV, see more https://t.co/rl6X0dj0Bi",Sandeep Raut ,"Top story: Goldman Rolls Out New ETFs Focused On Artificial Intelligence - WSJ https://t.co/crrMxpbkkV, see more https://t.co/rl6X0dj0Bi",@rautsanSat Mar 09 23:18:33 +0000 2019,Mar,Sat,2019,9
"Sandeep Raut @rautsanSat Mar 09 23:18:33 +0000 2019Top story: MSPs and Customer Experience: Itâ€™s Everyoneâ€™s Job https://t.co/Tbz5klODgZ, see more https://t.co/UD8OsHzfmo",Sandeep Raut ,"Top story: MSPs and Customer Experience: Itâ€™s Everyoneâ€™s Job https://t.co/Tbz5klODgZ, see more https://t.co/UD8OsHzfmo",@rautsanSat Mar 09 23:18:33 +0000 2019,Mar,Sat,2019,9
"Sandeep Raut @rautsanSat Mar 09 23:17:36 +0000 2019Top story: Event registration Of UI/UX Workshop https://t.co/2WFnANwCV2, see more https://t.co/L2tL94UirJ",Sandeep Raut ,"Top story: Event registration Of UI/UX Workshop https://t.co/2WFnANwCV2, see more https://t.co/L2tL94UirJ",@rautsanSat Mar 09 23:17:36 +0000 2019,Mar,Sat,2019,9
"Sandeep Raut @rautsanSat Mar 09 19:03:42 +0000 2019Top story: Digital Data Lake Enabled Packages Rate Recommendation https://t.co/fPQy24qhR6, see more https://t.co/NThubCuiOJ",Sandeep Raut ,"Top story: Digital Data Lake Enabled Packages Rate Recommendation https://t.co/fPQy24qhR6, see more https://t.co/NThubCuiOJ",@rautsanSat Mar 09 19:03:42 +0000 2019,Mar,Sat,2019,9
"Sandeep Raut @rautsanSat Mar 09 19:03:42 +0000 2019Top story: Report back from the DECHEMA PRAXISforum - TrendMiner https://t.co/RUVg4U7sLY, see more https://t.co/fyQmqSZN47",Sandeep Raut ,"Top story: Report back from the DECHEMA PRAXISforum - TrendMiner https://t.co/RUVg4U7sLY, see more https://t.co/fyQmqSZN47",@rautsanSat Mar 09 19:03:42 +0000 2019,Mar,Sat,2019,9
Sandeep Raut @rautsanSat Mar 09 19:03:27 +0000 2019Top story: @krunal86: 'What the hell? Good example to understand difference between #UI and #ux 'â€¦ https://t.co/71HQsodCRy,Sandeep Raut ,Top story: @krunal86: 'What the hell? Good example to understand difference between #UI and #ux 'â€¦ https://t.co/71HQsodCRy,@rautsanSat Mar 09 19:03:27 +0000 2019,Mar,Sat,2019,9
"Sandeep Raut @rautsanSat Mar 09 19:03:25 +0000 2019Top story: OECD - Home | Facebook https://t.co/9GrOsfaS9a, see more https://t.co/4Edf7F0YPl",Sandeep Raut ,"Top story: OECD - Home | Facebook https://t.co/9GrOsfaS9a, see more https://t.co/4Edf7F0YPl",@rautsanSat Mar 09 19:03:25 +0000 2019,Mar,Sat,2019,9
"Sandeep Raut @rautsanSat Mar 09 17:34:00 +0000 2019#DigitalTransformation Art Created Via Machine Learning Sells at Auction for Â£40,000 https://t.co/Y5VevsryzB https://t.co/EqHnZaWyO1",Sandeep Raut ,"#DigitalTransformation Art Created Via Machine Learning Sells at Auction for Â£40,000 https://t.co/Y5VevsryzB https://t.co/EqHnZaWyO1",@rautsanSat Mar 09 17:34:00 +0000 2019,Mar,Sat,2019,9
Sandeep Raut @rautsanSat Mar 09 17:33:01 +0000 2019https://t.co/nsNFMDMN6T most difficult IT jobs for employers to fill https://t.co/McQvR5rDcJ,Sandeep Raut ,https://t.co/nsNFMDMN6T most difficult IT jobs for employers to fill https://t.co/McQvR5rDcJ,@rautsanSat Mar 09 17:33:01 +0000 2019,Mar,Sat,2019,9
Sandeep Raut @rautsanSat Mar 09 17:10:11 +0000 2019Specially curated #datascience Daily! https://t.co/pITrLOnhOC Stories via @MSFTBusinessUK @AdamMCarrigan @JBenet38 #datascience #bigdata,Sandeep Raut ,Specially curated #datascience Daily! https://t.co/pITrLOnhOC Stories via @MSFTBusinessUK @AdamMCarrigan @JBenet38 #datascience #bigdata,@rautsanSat Mar 09 17:10:11 +0000 2019,Mar,Sat,2019,9
"Sandeep Raut @rautsanSat Mar 09 16:00:16 +0000 2019#DigitalTransformation Triton is the worldâ€™s most murderous malware, and itâ€™s spreading https://t.co/42gpp6asK0 https://t.co/Fyjb4echAo",Sandeep Raut ,"#DigitalTransformation Triton is the worldâ€™s most murderous malware, and itâ€™s spreading https://t.co/42gpp6asK0 https://t.co/Fyjb4echAo",@rautsanSat Mar 09 16:00:16 +0000 2019,Mar,Sat,2019,9
Sandeep Raut @rautsanSat Mar 09 15:59:01 +0000 2019#DigitalTransformation Are the cloud wars over or just getting started? https://t.co/Y5VevsryzB https://t.co/VKSvu3fg8V,Sandeep Raut ,#DigitalTransformation Are the cloud wars over or just getting started? https://t.co/Y5VevsryzB https://t.co/VKSvu3fg8V,@rautsanSat Mar 09 15:59:01 +0000 2019,Mar,Sat,2019,9
Sandeep Raut @rautsanSat Mar 09 15:30:00 +0000 2019#InternetofThings https://t.co/fNh33w79zl - top stories by @ProximityCR,Sandeep Raut ,#InternetofThings https://t.co/fNh33w79zl - top stories by @ProximityCR,@rautsanSat Mar 09 15:30:00 +0000 2019,Mar,Sat,2019,9
"Sandeep Raut @rautsanSat Mar 09 15:23:54 +0000 2019Top story: @jma245: 'And then my kiddo asked, ""What's the difference between UX and UI?"" #ux #design #ui 'â€¦ https://t.co/79PsKI5Kpd",Sandeep Raut ,"Top story: @jma245: 'And then my kiddo asked, ""What's the difference between UX and UI?"" #ux #design #ui 'â€¦ https://t.co/79PsKI5Kpd",@rautsanSat Mar 09 15:23:54 +0000 2019,Mar,Sat,2019,9
"Sandeep Raut @rautsanSat Mar 09 15:22:39 +0000 2019Top story: Google Launches TensorFlow Lite 1.0 For Mobile and Embedded Devices https://t.co/JC02EEzEen, see more https://t.co/rl6X0dj0Bi",Sandeep Raut ,"Top story: Google Launches TensorFlow Lite 1.0 For Mobile and Embedded Devices https://t.co/JC02EEzEen, see more https://t.co/rl6X0dj0Bi",@rautsanSat Mar 09 15:22:39 +0000 2019,Mar,Sat,2019,9
"Sandeep Raut @rautsanSat Mar 09 15:22:39 +0000 2019Top story: Technology can never fully replace the human touch - https://t.co/302GM7Aqvo, see more https://t.co/4Edf7F0YPl",Sandeep Raut ,"Top story: Technology can never fully replace the human touch - https://t.co/302GM7Aqvo, see more https://t.co/4Edf7F0YPl",@rautsanSat Mar 09 15:22:39 +0000 2019,Mar,Sat,2019,9
Sandeep Raut @rautsanSat Mar 09 14:30:01 +0000 2019#CustomerExperience https://t.co/qGh8ZvxTqf - top stories by @lmalalanne,Sandeep Raut ,#CustomerExperience https://t.co/qGh8ZvxTqf - top stories by @lmalalanne,@rautsanSat Mar 09 14:30:01 +0000 2019,Mar,Sat,2019,9
Sandeep Raut @rautsanSat Mar 09 14:21:00 +0000 2019#DigitalTransformation The future is autonomous https://t.co/Y5VevsryzB https://t.co/BthGwSPWRV,Sandeep Raut ,#DigitalTransformation The future is autonomous https://t.co/Y5VevsryzB https://t.co/BthGwSPWRV,@rautsanSat Mar 09 14:21:00 +0000 2019,Mar,Sat,2019,9
Sandeep Raut @rautsanSat Mar 09 14:20:00 +0000 2019#DigitalTransformation How machine learning and the Internet of Things could transform your businessâ€¦ https://t.co/W7tV7Bly37,Sandeep Raut ,#DigitalTransformation How machine learning and the Internet of Things could transform your businessâ€¦ https://t.co/W7tV7Bly37,@rautsanSat Mar 09 14:20:00 +0000 2019,Mar,Sat,2019,9
Sandeep Raut @rautsanSat Mar 09 14:03:04 +0000 2019A New Practical Guide To A Successful Digital Transformation https://t.co/yAYcEsNv0G #digitaltransformation,Sandeep Raut ,A New Practical Guide To A Successful Digital Transformation https://t.co/yAYcEsNv0G #digitaltransformation,@rautsanSat Mar 09 14:03:04 +0000 2019,Mar,Sat,2019,9
Sandeep Raut @rautsanSat Mar 09 14:03:04 +0000 2019The latest Check my #ChiefDigitalOfficer Daily! https://t.co/zyJBNQ5kIh Thanks to @nyike @Adrienne_Goetz @TeeTriptiâ€¦ https://t.co/AotW0NufDG,Sandeep Raut ,The latest Check my #ChiefDigitalOfficer Daily! https://t.co/zyJBNQ5kIh Thanks to @nyike @Adrienne_Goetz @TeeTriptiâ€¦ https://t.co/AotW0NufDG,@rautsanSat Mar 09 14:03:04 +0000 2019,Mar,Sat,2019,9
"Sandeep Raut @rautsanSat Mar 09 13:30:00 +0000 2019#DigitalTransformation https://t.co/jszzWCAioT - top stories by @venu66641579, @DigBusPlat",Sandeep Raut ,"#DigitalTransformation https://t.co/jszzWCAioT - top stories by @venu66641579, @DigBusPlat",@rautsanSat Mar 09 13:30:00 +0000 2019,Mar,Sat,2019,9
Sandeep Raut @rautsanSat Mar 09 13:02:32 +0000 2019Be mobile with my #Mobility Daily! https://t.co/5B72KrQjNy Thanks to @SamsungMobile @BlueRivet @Victor_SciFi #mobile #webdesign,Sandeep Raut ,Be mobile with my #Mobility Daily! https://t.co/5B72KrQjNy Thanks to @SamsungMobile @BlueRivet @Victor_SciFi #mobile #webdesign,@rautsanSat Mar 09 13:02:32 +0000 2019,Mar,Sat,2019,9
"Sandeep Raut @rautsanSat Mar 09 12:30:00 +0000 2019#Wearables https://t.co/aTF6hov37z - top stories by @neiltwitz, @Jed_Ng1, @CounterPointTR",Sandeep Raut ,"#Wearables https://t.co/aTF6hov37z - top stories by @neiltwitz, @Jed_Ng1, @CounterPointTR",@rautsanSat Mar 09 12:30:00 +0000 2019,Mar,Sat,2019,9
Sandeep Raut @rautsanSat Mar 09 12:01:01 +0000 2019#DigitalTransformation 5 IoT lessons taken from the logistics industry https://t.co/Y5VevsryzB https://t.co/ihCFQcKc8z,Sandeep Raut ,#DigitalTransformation 5 IoT lessons taken from the logistics industry https://t.co/Y5VevsryzB https://t.co/ihCFQcKc8z,@rautsanSat Mar 09 12:01:01 +0000 2019,Mar,Sat,2019,9
Sandeep Raut @rautsanSat Mar 09 12:00:12 +0000 2019#DigitalTransformation Stumbling with your Public Cloud Deployments? An Industry Analyst Offers Adviceâ€¦ https://t.co/qZqYSF8Y7W,Sandeep Raut ,#DigitalTransformation Stumbling with your Public Cloud Deployments? An Industry Analyst Offers Adviceâ€¦ https://t.co/qZqYSF8Y7W,@rautsanSat Mar 09 12:00:12 +0000 2019,Mar,Sat,2019,9
"Sandeep Raut @rautsanSat Mar 09 11:32:40 +0000 2019Top story: Digital Platforms & Solutions Consulting by Industry | Cognizant https://t.co/OEWTwGJf9g, see more https://t.co/4Edf7F0YPl",Sandeep Raut ,"Top story: Digital Platforms & Solutions Consulting by Industry | Cognizant https://t.co/OEWTwGJf9g, see more https://t.co/4Edf7F0YPl",@rautsanSat Mar 09 11:32:40 +0000 2019,Mar,Sat,2019,9
"Sandeep Raut @rautsanSat Mar 09 11:30:00 +0000 2019#UI #UX https://t.co/aThqcmyi4y - top stories by @twsjonathan, @chriscct7",Sandeep Raut ,"#UI #UX https://t.co/aThqcmyi4y - top stories by @twsjonathan, @chriscct7",@rautsanSat Mar 09 11:30:00 +0000 2019,Mar,Sat,2019,9
"Sandeep Raut @rautsanSat Mar 09 10:30:00 +0000 2019#DataScience https://t.co/2DsvAvwGjn - top stories by @DiSSCoEU, @vsmithuk, @DimitrisKoureas",Sandeep Raut ,"#DataScience https://t.co/2DsvAvwGjn - top stories by @DiSSCoEU, @vsmithuk, @DimitrisKoureas",@rautsanSat Mar 09 10:30:00 +0000 2019,Mar,Sat,2019,9
"Sandeep Raut @rautsanSat Mar 09 09:30:00 +0000 2019#API https://t.co/OtfTSqrVgh - top stories by @GregMascera, @Laura_R_C, @snydobeddo",Sandeep Raut ,"#API https://t.co/OtfTSqrVgh - top stories by @GregMascera, @Laura_R_C, @snydobeddo",@rautsanSat Mar 09 09:30:00 +0000 2019,Mar,Sat,2019,9
Sandeep Raut @rautsanSat Mar 09 08:54:00 +0000 2019#DigitalTransformation 13 Free Sites to Get an Introduction to Machine Learning https://t.co/Y5VevsryzB https://t.co/ahPEnySksD,Sandeep Raut ,#DigitalTransformation 13 Free Sites to Get an Introduction to Machine Learning https://t.co/Y5VevsryzB https://t.co/ahPEnySksD,@rautsanSat Mar 09 08:54:00 +0000 2019,Mar,Sat,2019,9
Sandeep Raut @rautsanSat Mar 09 08:53:00 +0000 2019#DigitalTransformation The Customer Journey Is an Infinite Loop â€“ Digital Branding Institute https://t.co/cVUkx4Dcgp https://t.co/ml6lXK1lLY,Sandeep Raut ,#DigitalTransformation The Customer Journey Is an Infinite Loop â€“ Digital Branding Institute https://t.co/cVUkx4Dcgp https://t.co/ml6lXK1lLY,@rautsanSat Mar 09 08:53:00 +0000 2019,Mar,Sat,2019,9
Sandeep Raut @rautsanSat Mar 09 08:30:00 +0000 2019#BigData https://t.co/PZIyHA6pap - top stories by @SA_Mian,Sandeep Raut ,#BigData https://t.co/PZIyHA6pap - top stories by @SA_Mian,@rautsanSat Mar 09 08:30:00 +0000 2019,Mar,Sat,2019,9
"Sandeep Raut @rautsanSat Mar 09 08:28:49 +0000 2019Top story: @Startup_Nerd: 'Evolution of #Internet of Things. #IoT #AI Via @evankirstel ' https://t.co/NiZBEGElQL, sâ€¦ https://t.co/31rWCnGFxu",Sandeep Raut ,"Top story: @Startup_Nerd: 'Evolution of #Internet of Things. #IoT #AI Via @evankirstel ' https://t.co/NiZBEGElQL, sâ€¦ https://t.co/31rWCnGFxu",@rautsanSat Mar 09 08:28:49 +0000 2019,Mar,Sat,2019,9
"Sandeep Raut @rautsanSat Mar 09 08:28:49 +0000 2019Top story: Hearables - Next Big Thing in Tech - Counterpoint Research https://t.co/Av2CiECMWg, see more https://t.co/pzjFYdfNzC",Sandeep Raut ,"Top story: Hearables - Next Big Thing in Tech - Counterpoint Research https://t.co/Av2CiECMWg, see more https://t.co/pzjFYdfNzC",@rautsanSat Mar 09 08:28:49 +0000 2019,Mar,Sat,2019,9
"Sandeep Raut @rautsanSat Mar 09 08:27:40 +0000 2019Top story: Council Post: Four Ways Big Data Converts Into Sales https://t.co/ygjYxOQjbp, see more https://t.co/fyQmqSZN47",Sandeep Raut ,"Top story: Council Post: Four Ways Big Data Converts Into Sales https://t.co/ygjYxOQjbp, see more https://t.co/fyQmqSZN47",@rautsanSat Mar 09 08:27:40 +0000 2019,Mar,Sat,2019,9
"Sandeep Raut @rautsanSat Mar 09 08:27:40 +0000 2019Top story: Artificial intelligence and machine learning basics https://t.co/41N8f3qiQB, see more https://t.co/rl6X0dj0Bi",Sandeep Raut ,"Top story: Artificial intelligence and machine learning basics https://t.co/41N8f3qiQB, see more https://t.co/rl6X0dj0Bi",@rautsanSat Mar 09 08:27:40 +0000 2019,Mar,Sat,2019,9
"Sandeep Raut @rautsanSat Mar 09 08:27:39 +0000 2019Top story: @exl_service: 'EXL CEO Rohit Kapoor shares with #Forbes his win/win, unconventional approach to #digitalâ€¦ https://t.co/22IxNVxZVW",Sandeep Raut ,"Top story: @exl_service: 'EXL CEO Rohit Kapoor shares with #Forbes his win/win, unconventional approach to #digitalâ€¦ https://t.co/22IxNVxZVW",@rautsanSat Mar 09 08:27:39 +0000 2019,Mar,Sat,2019,9
Sandeep Raut @rautsanSat Mar 09 08:06:00 +0000 2019#DigitalTransformation Urban Airship CEO on bringing brands to the palm of your hand https://t.co/7wKEpsTzp7 https://t.co/Q8kUD05QYs,Sandeep Raut ,#DigitalTransformation Urban Airship CEO on bringing brands to the palm of your hand https://t.co/7wKEpsTzp7 https://t.co/Q8kUD05QYs,@rautsanSat Mar 09 08:06:00 +0000 2019,Mar,Sat,2019,9
Sandeep Raut @rautsanSat Mar 09 07:30:00 +0000 2019#ArtificialIntelligence https://t.co/CjHZ4r8dHw - top stories by @IntClinTrials,Sandeep Raut ,#ArtificialIntelligence https://t.co/CjHZ4r8dHw - top stories by @IntClinTrials,@rautsanSat Mar 09 07:30:00 +0000 2019,Mar,Sat,2019,9
Sandeep Raut @rautsanSat Mar 09 07:28:19 +0000 2019Read my #MachineLearning Daily https://t.co/p36LbMgwu8 Stories via @reworkkatie @NeilOxtoby @PagdenWill #ai #machinelearning,Sandeep Raut ,Read my #MachineLearning Daily https://t.co/p36LbMgwu8 Stories via @reworkkatie @NeilOxtoby @PagdenWill #ai #machinelearning,@rautsanSat Mar 09 07:28:19 +0000 2019,Mar,Sat,2019,9
Sandeep Raut @rautsanSat Mar 09 06:45:02 +0000 2019The Digital Transformation Journey: What It Means And How It Looks https://t.co/vlfJ5NJwV3 #DigitalTransformation https://t.co/WPgZwLPvYR,Sandeep Raut ,The Digital Transformation Journey: What It Means And How It Looks https://t.co/vlfJ5NJwV3 #DigitalTransformation https://t.co/WPgZwLPvYR,@rautsanSat Mar 09 06:45:02 +0000 2019,Mar,Sat,2019,9
Sandeep Raut @rautsanSat Mar 09 06:44:00 +0000 2019#DigitalTransformation 5 Digital Marketing Myths Debunked https://t.co/Y5VevsryzB https://t.co/fpp3ugC7zO,Sandeep Raut ,#DigitalTransformation 5 Digital Marketing Myths Debunked https://t.co/Y5VevsryzB https://t.co/fpp3ugC7zO,@rautsanSat Mar 09 06:44:00 +0000 2019,Mar,Sat,2019,9
Sandeep Raut @rautsanSat Mar 09 06:30:00 +0000 2019#MachineLearning https://t.co/EeghZr32zE - top stories by @DeronHicks,Sandeep Raut ,#MachineLearning https://t.co/EeghZr32zE - top stories by @DeronHicks,@rautsanSat Mar 09 06:30:00 +0000 2019,Mar,Sat,2019,9
Sandeep Raut @rautsanSat Mar 09 06:05:00 +0000 2019#DigitalTransformation Improving Risk Evaluation Through Advanced Analytics https://t.co/Y5VevsryzB https://t.co/NWoHTNuR3q,Sandeep Raut ,#DigitalTransformation Improving Risk Evaluation Through Advanced Analytics https://t.co/Y5VevsryzB https://t.co/NWoHTNuR3q,@rautsanSat Mar 09 06:05:00 +0000 2019,Mar,Sat,2019,9
Sandeep Raut @rautsanSat Mar 09 05:46:34 +0000 20193 Use-Cases of AI in Recruitment https://t.co/HfgJuq8xg1,Sandeep Raut ,3 Use-Cases of AI in Recruitment https://t.co/HfgJuq8xg1,@rautsanSat Mar 09 05:46:34 +0000 2019,Mar,Sat,2019,9
Sandeep Raut @rautsanSat Mar 09 05:46:33 +0000 2019Disrupt your business with my #DigitalTransformation Daily! https://t.co/bVZX7hU5WX Stories via @ViRR5911 @AIIMIntlâ€¦ https://t.co/XHBcDE7Plj,Sandeep Raut ,Disrupt your business with my #DigitalTransformation Daily! https://t.co/bVZX7hU5WX Stories via @ViRR5911 @AIIMIntlâ€¦ https://t.co/XHBcDE7Plj,@rautsanSat Mar 09 05:46:33 +0000 2019,Mar,Sat,2019,9
"Sandeep Raut @rautsanSat Mar 09 05:01:09 +0000 2019RT @Ferbeltranmx: User Experience UX is at the heart of Digital Transformation
#digitaltransformation #innovation #artificialintelligence #â€¦",Sandeep Raut ,"RT @Ferbeltranmx: User Experience UX is at the heart of Digital Transformation
#digitaltransformation #innovation #artificialintelligence #â€¦",@rautsanSat Mar 09 05:01:09 +0000 2019,Mar,Sat,2019,9
Sandeep Raut @rautsanSat Mar 09 04:59:32 +0000 2019RT @grattongirl: 3 Great Ways to Sabotage Your Digital Transformation https://t.co/oyfVWwicvU #Transformation #DigitalTransformation https:â€¦,Sandeep Raut ,RT @grattongirl: 3 Great Ways to Sabotage Your Digital Transformation https://t.co/oyfVWwicvU #Transformation #DigitalTransformation https:â€¦,@rautsanSat Mar 09 04:59:32 +0000 2019,Mar,Sat,2019,9
"Sandeep Raut @rautsanSat Mar 09 04:01:30 +0000 2019RT @Ronald_vanLoon: #UserExperience #UX is at the heart of #DigitalTransformation
by @rautsan |
Read more at https://t.co/8uYX77CuZUâ€¦",Sandeep Raut ,"RT @Ronald_vanLoon: #UserExperience #UX is at the heart of #DigitalTransformation
by @rautsan |
Read more at https://t.co/8uYX77CuZUâ€¦",@rautsanSat Mar 09 04:01:30 +0000 2019,Mar,Sat,2019,9
Sandeep Raut @rautsanSat Mar 09 03:57:09 +0000 2019Here is my #BigData Daily! https://t.co/zC9a2pyMFZ Thanks to @theChrisChua @Claudia_OStory @SevenLakesTech #bigdata #ai,Sandeep Raut ,Here is my #BigData Daily! https://t.co/zC9a2pyMFZ Thanks to @theChrisChua @Claudia_OStory @SevenLakesTech #bigdata #ai,@rautsanSat Mar 09 03:57:09 +0000 2019,Mar,Sat,2019,9
Sandeep Raut @rautsanSat Mar 09 03:55:01 +0000 2019#DigitalTransformation How the IIoT is improving factory uptime and reducing costs https://t.co/Y5VevsryzB https://t.co/cj56NzDX4g,Sandeep Raut ,#DigitalTransformation How the IIoT is improving factory uptime and reducing costs https://t.co/Y5VevsryzB https://t.co/cj56NzDX4g,@rautsanSat Mar 09 03:55:01 +0000 2019,Mar,Sat,2019,9
Sandeep Raut @rautsanSat Mar 09 03:54:01 +0000 2019#DigitalTransformation How this retailer underwent a digital customer service transformation https://t.co/Y5VevsryzB https://t.co/GSk62SXGQq,Sandeep Raut ,#DigitalTransformation How this retailer underwent a digital customer service transformation https://t.co/Y5VevsryzB https://t.co/GSk62SXGQq,@rautsanSat Mar 09 03:54:01 +0000 2019,Mar,Sat,2019,9
"Sandeep Raut @rautsanSat Mar 09 03:23:47 +0000 2019Top story: @Synechron: 'Up next is Elodie Tayoro, Sr. Digital #Customer Experience consultant & #Digital Project Maâ€¦ https://t.co/a3S8F9aZpb",Sandeep Raut ,"Top story: @Synechron: 'Up next is Elodie Tayoro, Sr. Digital #Customer Experience consultant & #Digital Project Maâ€¦ https://t.co/a3S8F9aZpb",@rautsanSat Mar 09 03:23:47 +0000 2019,Mar,Sat,2019,9
Sandeep Raut @rautsanSat Mar 09 03:23:26 +0000 2019Top story: @martinnewman: 'Thank you for having me @McDonaldButler - it was a pleasure giving a presentation atâ€¦ https://t.co/ocK96o12io,Sandeep Raut ,Top story: @martinnewman: 'Thank you for having me @McDonaldButler - it was a pleasure giving a presentation atâ€¦ https://t.co/ocK96o12io,@rautsanSat Mar 09 03:23:26 +0000 2019,Mar,Sat,2019,9
"Sandeep Raut @rautsanSat Mar 09 03:23:25 +0000 2019Top story: Connecting data and expertise: a new alliance for biodiversity knowledge https://t.co/JptCcRefqh, see moâ€¦ https://t.co/OX2ucPFgMX",Sandeep Raut ,"Top story: Connecting data and expertise: a new alliance for biodiversity knowledge https://t.co/JptCcRefqh, see moâ€¦ https://t.co/OX2ucPFgMX",@rautsanSat Mar 09 03:23:25 +0000 2019,Mar,Sat,2019,9
Sandeep Raut @rautsanSat Mar 09 03:07:32 +0000 2019Read my #ArtificialIntelligence Daily! https://t.co/Qdzx9eKXsI Thanks to @RUNARai4 @MooglieTwitimon @meswan_ismailâ€¦ https://t.co/IR2d4pEJ5X,Sandeep Raut ,Read my #ArtificialIntelligence Daily! https://t.co/Qdzx9eKXsI Thanks to @RUNARai4 @MooglieTwitimon @meswan_ismailâ€¦ https://t.co/IR2d4pEJ5X,@rautsanSat Mar 09 03:07:32 +0000 2019,Mar,Sat,2019,9
Sandeep Raut @rautsanSat Mar 09 02:36:16 +0000 2019RT @B2Bbizbuilder: #Top100 #Technology Pollinators https://t.co/1iD8nrjUpa | @KirkDBorne @KAIPartners @evankirstel @bobehayes @MikeQuindazzâ€¦,Sandeep Raut ,RT @B2Bbizbuilder: #Top100 #Technology Pollinators https://t.co/1iD8nrjUpa | @KirkDBorne @KAIPartners @evankirstel @bobehayes @MikeQuindazzâ€¦,@rautsanSat Mar 09 02:36:16 +0000 2019,Mar,Sat,2019,9
Sandeep Raut @rautsanSat Mar 09 02:15:37 +0000 2019The Complete Guide to Brand Building (Must-Read for Digital Marketers) https://t.co/9btpweRM8M #entrepreneur,Sandeep Raut ,The Complete Guide to Brand Building (Must-Read for Digital Marketers) https://t.co/9btpweRM8M #entrepreneur,@rautsanSat Mar 09 02:15:37 +0000 2019,Mar,Sat,2019,9
Sandeep Raut @rautsanSat Mar 09 02:15:37 +0000 2019Make your brand visible with my #DgitalMarketing Daily! https://t.co/lnBuIWiVwf Thanks to @SkyeLogan @seominicabaxâ€¦ https://t.co/lVtApGTUps,Sandeep Raut ,Make your brand visible with my #DgitalMarketing Daily! https://t.co/lnBuIWiVwf Thanks to @SkyeLogan @seominicabaxâ€¦ https://t.co/lVtApGTUps,@rautsanSat Mar 09 02:15:37 +0000 2019,Mar,Sat,2019,9
Sandeep Raut @rautsanSat Mar 09 02:01:01 +0000 2019#DigitalTransformation Can Femtech deliver radically personalized care to women https://t.co/luj9vJfYO8 https://t.co/4Jx7eoxrvj,Sandeep Raut ,#DigitalTransformation Can Femtech deliver radically personalized care to women https://t.co/luj9vJfYO8 https://t.co/4Jx7eoxrvj,@rautsanSat Mar 09 02:01:01 +0000 2019,Mar,Sat,2019,9
Sandeep Raut @rautsanSat Mar 09 02:00:23 +0000 2019Overcoming The Challenges Of A Digital Transformation https://t.co/kdjuYKmzyG #DigitalTransformation https://t.co/ZgBPAM5HKA,Sandeep Raut ,Overcoming The Challenges Of A Digital Transformation https://t.co/kdjuYKmzyG #DigitalTransformation https://t.co/ZgBPAM5HKA,@rautsanSat Mar 09 02:00:23 +0000 2019,Mar,Sat,2019,9
Sandeep Raut @rautsanSat Mar 09 01:55:40 +0000 2019Enhance #CustomerExperience with my Daily! https://t.co/h6RA6PYGxj Thanks to @PwC_Suomi @CXJourney #cx #digitaltransformation,Sandeep Raut ,Enhance #CustomerExperience with my Daily! https://t.co/h6RA6PYGxj Thanks to @PwC_Suomi @CXJourney #cx #digitaltransformation,@rautsanSat Mar 09 01:55:40 +0000 2019,Mar,Sat,2019,9
Sandeep Raut @rautsanFri Mar 08 20:33:56 +0000 2019Top story: Viva the revolution: how cybersecurity can help with digital transformation | TechRadarâ€¦ https://t.co/n6wI8lMLAA,Sandeep Raut ,Top story: Viva the revolution: how cybersecurity can help with digital transformation | TechRadarâ€¦ https://t.co/n6wI8lMLAA,@rautsanFri Mar 08 20:33:56 +0000 2019,Mar,Fri,2019,8
Sandeep Raut @rautsanFri Mar 08 20:33:55 +0000 2019Top story: @UKSINet: 'Dr. Zingde ex-DyDirector ACTREC highlighted the importance of #data #science education to preâ€¦ https://t.co/dmnZow6S6S,Sandeep Raut ,Top story: @UKSINet: 'Dr. Zingde ex-DyDirector ACTREC highlighted the importance of #data #science education to preâ€¦ https://t.co/dmnZow6S6S,@rautsanFri Mar 08 20:33:55 +0000 2019,Mar,Fri,2019,8
"Sandeep Raut @rautsanFri Mar 08 20:33:55 +0000 2019Top story: Samedan Ltd Pharmaceutical Publishers https://t.co/d25WDxKCsp, see more https://t.co/rl6X0dj0Bi",Sandeep Raut ,"Top story: Samedan Ltd Pharmaceutical Publishers https://t.co/d25WDxKCsp, see more https://t.co/rl6X0dj0Bi",@rautsanFri Mar 08 20:33:55 +0000 2019,Mar,Fri,2019,8
"Sandeep Raut @rautsanFri Mar 08 20:33:55 +0000 2019Top story: Interview: How Panera Bread Uses Intuitive Tech For A Flexible Cafe Experience https://t.co/r5ObGeZhVR,â€¦ https://t.co/4bAYKWlS3z",Sandeep Raut ,"Top story: Interview: How Panera Bread Uses Intuitive Tech For A Flexible Cafe Experience https://t.co/r5ObGeZhVR,â€¦ https://t.co/4bAYKWlS3z",@rautsanFri Mar 08 20:33:55 +0000 2019,Mar,Fri,2019,8
Sandeep Raut @rautsanFri Mar 08 17:34:01 +0000 2019The missing component to digital transformation: Citizen developers https://t.co/Y5VevsryzB https://t.co/HwCPuBWyEj,Sandeep Raut ,The missing component to digital transformation: Citizen developers https://t.co/Y5VevsryzB https://t.co/HwCPuBWyEj,@rautsanFri Mar 08 17:34:01 +0000 2019,Mar,Fri,2019,8
Sandeep Raut @rautsanFri Mar 08 17:33:00 +0000 2019#DigitalTransformation Four personalization techniques to help consumers feel less overwhelmedâ€¦ https://t.co/1r9TWFwjgj,Sandeep Raut ,#DigitalTransformation Four personalization techniques to help consumers feel less overwhelmedâ€¦ https://t.co/1r9TWFwjgj,@rautsanFri Mar 08 17:33:00 +0000 2019,Mar,Fri,2019,8
